{"cameraMode":{"drawMode":0,"name":"Shaded","section":"Shading Mode"},"sceneLighting":false,"audioPlay":false,"sceneViewState":{"m_AlwaysRefresh":false,"showFog":true,"showSkybox":false,"showFlares":true,"showImageEffects":true,"showParticleSystems":true,"showVisualEffectGraphs":true,"m_FxEnabled":true},"in2DMode":false,"pivot":{"x":-0.08531516790390015,"y":1.2835793495178223,"z":0.08905947208404541},"rotation":{"x":0.08896733820438385,"y":0.8661041259765625,"z":-0.1664777398109436,"w":0.46285566687583926},"size":0.6785691976547241,"orthographic":false}