{"cameraMode":{"drawMode":0,"name":"Shaded","section":"Shading Mode"},"sceneLighting":false,"audioPlay":false,"sceneViewState":{"m_AlwaysRefresh":false,"showFog":true,"showSkybox":false,"showFlares":true,"showImageEffects":true,"showParticleSystems":true,"showVisualEffectGraphs":true,"m_FxEnabled":true},"in2DMode":false,"pivot":{"x":-0.5584813952445984,"y":0.5456241369247437,"z":0.14703989028930665},"rotation":{"x":-0.06586311012506485,"y":0.9243403077125549,"z":-0.3262559473514557,"w":-0.18660219013690949},"size":1.1873750686645508,"orthographic":false}