{"cameraMode":{"drawMode":0,"name":"Shaded","section":"Shading Mode"},"sceneLighting":false,"audioPlay":false,"sceneViewState":{"m_AlwaysRefresh":false,"showFog":true,"showSkybox":false,"showFlares":true,"showImageEffects":true,"showParticleSystems":true,"showVisualEffectGraphs":true,"m_FxEnabled":true},"in2DMode":false,"pivot":{"x":0.0003575831651687622,"y":1.6479732990264893,"z":0.050365619361400607},"rotation":{"x":-0.042656466364860538,"y":0.9507851600646973,"z":-0.2665286660194397,"w":-0.15216828882694245},"size":0.7515427470207214,"orthographic":false}